фамилия,имя,очество,марка_машины,номер_автомобиля,регион,мощность(л.с),объем_двигателя,год_выпуска
Лебедев,Артур,Трофимович,Renault,O879HK,4,705,16,2018
Алексеев,Яромир,Владиславович,Hyundai,M829TP,53,373,20,2022
Блинов,Богдан,Платонович,Mercedes_Benz,E196AY,76,915,8,2006
Фёдоров,Кирилл,Адамович,Volvo,A17BT,126,520,16,2023
Симонов,Герман,Бедросович,УАЗ,O964MO,199,785,10,2014
Ефимов,Игнат,Дмитриевич,Bugatti,C69TX,92,895,3,2020
Иванов,Терентий,Трофимович,Kia,H924PY,156,150,14,2013
Мамонтов,Геннадий,Прокопович,Volkswagen,P776TC,155,574,15,2015
Романов,Игнат,Семёнович,Volvo,O456YK,172,103,28,2006
Мартынов,Валера,Диомидович,Kia,T508BY,24,651,9,2003
Логинов,Глеб,Васильевич,Haval,K548HK,134,929,16,2006
Колесников,Евгений,Геннадиевич,Rolls_Royce,B18KY,196,634,8,2013
Пономарёв,Орлов,Адрианович,Ford,P73CB,174,416,0,2008
Ефимов,Константин,Леонидович,Volvo,C900TE,104,159,1,2008
Попов,Тимур,Анатольевич,Maybach,C645AY,81,482,10,2019
Гуляев,Филипп,Максимович,Aurus,X537AK,186,566,17,2001
Романов,Семен,Антонович,Tesla,H41TM,145,783,4,2020
Иванов,Олег,Геннадьевич,Lada,T421EA,118,18,17,2010
Сергеев,Лаврентий,Макарович,Land_Rover,C521HC,197,615,18,2022
Иванов,Филат,Артурович,Rolls_Royce,X402CT,119,445,24,2015
Мамонтов,Николай,Бедросович,Honda,O237ET,40,57,15,2016
Лебедев,Алексей,Артурович,Haval,O626AC,87,517,0,2012
Новиков,Олег,Адрианович,УАЗ,B842AM,59,266,26,2023
Захаров,Светозар,Даниилович,Honda,P833TO,49,500,11,2014
Михеев,Арсений,Григорьевич,Porsche,C862PP,127,20,17,2000
Лыткин,Николай,Евгеньевич,Peugeot,B258EM,50,184,10,2014
Колесников,Артур,Леонидович,Skoda,Y503AO,115,884,25,2018
Туров,Григорий,Бедросович,Volkswagen,C480XM,23,244,15,2001
Михайлов,Артур,Захарович,Hummer,P779EO,54,25,11,2001
Фёдоров,Станислав,Платонович,Audi,O306AA,176,434,18,2014
Шестаков,Игорь,Тимурович,Volvo,C254ME,15,829,0,2013
Ефимов,Ашот,Захарович,Bentley,C762YA,181,837,25,2006
Соболев,Фёдор,Федотович,Porsche,C976XT,48,57,25,2001
Ширяев,Светозар,Андреевич,Maybach,C35KE,48,903,16,2001
Филиппов,Архип,Данилович,Hummer,P928KY,164,806,26,2013
Владимиров,Эрнест,Владимирович,Mitsubishi,B793MT,157,257,22,2022
Трофимов,Станислав,Сидорович,Audi,K875OC,148,846,25,2009
Алексеев,Стефан,Адамович,Zeekr,E664OK,154,322,13,2011
Громов,Петр,Исаевич,Bugatti,A560AA,8,267,23,2000
Филиппов,Демид,Ильясович,Audi,T569CX,12,997,27,2015
Семёнов,Самсон,Артурович,Volkswagen,A121BT,158,726,6,2020
Овчинников,Антон,Филиппович,Mitsubishi,T605TE,18,937,0,2008
Морозов,Роман,Степанович,Peugeot,E280YP,63,209,6,2010
Зайцев,Илья,Макарович,Rolls_Royce,E263YH,153,652,8,2003
Крюков,Лаврентий,Давидович,BMW,P132CC,122,408,15,2019
Симонов,Борис,Гавриилович,Bentley,Y136PX,89,491,3,2000
Миронов,Лев,Олегович,Toyota,C734PX,191,379,8,2012
Антонов,Кирилл,Анатольевич,Chevrolet,M602CP,129,51,20,2019
Лебедев,Дорофей,Диомидович,Bentley,B915YC,160,32,25,2024
Кузьмин,Иван,Прокопович,Aurus,B845YE,141,899,9,2016
Романов,Вячеслав,Арсенович,Bugatti,Y984TY,176,201,27,2024
Шестаков,Глеб,Олегович,Jaguar,H152PE,146,478,9,2022
Рогов,Семён,Давидович,Aurus,C405EP,117,213,15,2022
Алексеев,Стефан,Евсеевич,BYD,X413OX,35,166,16,2001
Морозов,Валера,Диомидович,Tesla,E477CP,100,852,28,2016
Блинов,Валера,Степанович,Hummer,O669TY,119,536,25,2024
Зайцев,Фома,Диомидович,Lada,C110TM,40,701,4,2017
Григорьев,Архип,Игоревич,Maybach,Y812XX,193,206,18,2001
Смирнов,Трофим,Леонидович,Hyundai,E736EC,43,414,24,2019
Марков,Глеб,Ильясович,Peugeot,H758YK,10,436,2,2000
Кузнецов,Максим,Игоревич,McLaren,T363PA,111,898,1,2002
Романов,Павел,Трофимович,Skoda,B793TK,32,616,18,2012
Антонов,Фаддей,Михайлович,BYD,O175YC,102,43,1,2004
Алексеев,Игнат,Артурович,Ford,X938CO,33,183,10,2017
Колесников,Светозар,Данилович,Maserati,M250EM,77,957,28,2022
Алексеев,Арнольд,Анатольевич,Audi,O565XB,137,16,20,2002
Пономарёв,Трофим,Иванович,Skoda,M402PH,115,462,8,2013
Волков,Глеб,Сидорович,Peugeot,H430KP,155,17,20,2001
Антонов,Игорь,Диомидович,Skoda,O683KC,149,385,10,2003
Чернов,Арнольд,Тимофеевич,Tesla,Y79XY,30,640,26,2024
Соколов,Эрнест,Егорович,Jeep,C666AK,153,939,1,2001
Пономарёв,Марк,Максимович,Changan,M534EK,142,649,25,2004
Иванов,Константин,Платонович,Audi,X471EK,19,212,0,2016
Шестаков,Альберт,Макарович,Ford,B207BO,73,116,0,2023
Попов,Прохор,Леонидович,Lamborghini,O281YY,104,150,14,2018
Орлов,Артем,Степанович,McLaren,T262XC,42,660,22,2011
Савин,Тимофей,Глебович,Lamborghini,O774PC,32,466,25,2009
Попов,Эрик,Арсенович,Porsche,B742CT,168,605,17,2018
Орлов,Назар,Демидович,Ferrari,P121MX,101,40,27,2018
Пономарёв,Матвей,Павлович,Mitsubishi,M366MY,139,630,5,2021
Мартынов,Олег,Иванович,Audi,X598BE,118,266,10,2016
Овчинников,Яромир,Бедросович,Maserati,K647HE,22,111,26,2022
Соболев,Вячеслав,Борисович,Volkswagen,T89YB,2,23,11,2004
Новиков,Владимир,Антонович,Bugatti,X744OO,87,293,19,2011
Овчинников,Мурат,Магомедович,Rolls_Royce,K433XY,127,843,4,2000
Ефимов,Матвей,Платонович,Bentley,H965HO,90,338,24,2015
Кудрявцев,Лев,Исаевич,Maserati,A953TY,128,710,15,2005
Орлов,Мурат,Владиславович,УАЗ,T100PB,32,551,24,2022
Гуляев,Лаврентий,Игоревич,Kia,A659XA,97,303,3,2002
Ширяев,Анатолий,Александрович,Mazda,Y466OH,49,292,13,2003
Ширяев,Яков,Семёнович,Tesla,O270OE,42,1001,20,2003
Калинин,Светозар,Гавриилович,Honda,K99KP,115,449,5,2009
Степанов,Константин,Максимович,Aurus,C868YX,35,429,12,2015
Калинин,Прохор,Магомедович,BYD,C314HO,15,700,15,2015
Федосеев,Филипп,Романович,Aurus,X989EO,181,39,10,2022
Шестаков,Владимир,Сидорович,Mitsubishi,T73OO,181,980,25,2022
Трофимов,Феликс,Елисеевич,Honda,E709AP,8,236,21,2022
Меркушев,Антон,Ильясович,Honda,O141YC,176,83,19,2013
Мамонтов,Алан,Михайлович,Peugeot,K514AC,121,578,2,2015
Савин,Юлиан,Демидович,Haval,A199MH,172,226,13,2001
Сергеев,Лаврентий,Сидорович,Maserati,T18XX,175,679,25,2017
Колесников,Рустам,Алексеевич,Changan,O56MP,108,952,9,2019
Лебедев,Сергей,Демидович,Lada,K277HM,156,452,17,2021
Овчинников,Юлиан,Емельянович,Lada,E867HO,84,957,4,2023
Попов,Демид,Михайлович,Mitsubishi,B686XA,145,301,15,2001
Антонов,Арсений,Евсеевич,Renault,X9OK,82,824,9,2021
Соколов,Самсон,Алексеевич,Maybach,M948HE,95,36,8,2004
Захаров,Дорофей,Дмитриевич,Toyota,Y669YT,63,135,26,2019
Федосеев,Марк,Антипович,Skoda,A533AC,32,252,13,2000
Зайцев,Богдан,Егорович,УАЗ,B99BB,35,507,20,2007
Семёнов,Феликс,Дмитриевич,УАЗ,X382EE,84,819,7,2003
Лихачёв,Ярослав,Трофимович,Land_Rover,T84YT,152,639,16,2011
Миронов,Ярослав,Платонович,Rolls_Royce,B535MC,28,677,8,2003
Логинов,Кондратий,Семенович,Ferrari,Y868AB,184,840,28,2001
Казаков,Ярослав,Максимович,Rolls_Royce,P842KK,190,190,1,2018
Савин,Захар,Демидович,УАЗ,B747YH,124,844,23,2021
Колесников,Григорий,Емельянович,Mazda,X877AB,93,107,8,2012
Калинин,Ярослав,Адрианович,Tesla,M583HB,124,583,25,2004
Смирнов,Демид,Тимурович,Mazda,M310CT,99,836,16,2004
Попов,Руслан,Данилович,Mitsubishi,Y61BH,138,199,5,2000
Пономарёв,Фёдор,Леонидович,Audi,C920TP,76,840,10,2009
Ильин,Игнат,Диомидович,Lamborghini,A840HK,64,274,13,2021
Ильин,Захар,Викторович,Aurus,O99AK,88,225,21,2006
Сергеев,Максим,Анатольевич,Haval,T685XK,196,936,21,2014
Калинин,Тимур,Геннадиевич,Skoda,K409PB,104,573,21,2012
Логинов,Светозар,Павлович,Bugatti,H84AK,2,705,1,2003
Михайлов,Василий,Евгеньевич,Bentley,H862KH,96,162,24,2008
Григорьев,Феликс,Алексеевич,Tesla,H317AA,128,641,21,2014
Степанов,Константин,Валентинович,Porsche,C118MK,135,643,12,2007
Симонов,Филат,Давидович,Ferrari,O332CM,122,663,3,2008
Быков,Макар,Александрович,Volvo,H207EY,150,123,20,2002
Симонов,Владислав,Макарович,Mitsubishi,K476YT,30,825,22,2003
Зайцев,Николай,Давидович,McLaren,O773BM,20,379,19,2023
Марков,Тимур,Игоревич,Hyundai,O699YA,196,441,0,2020
Федосеев,Арсений,Егорович,Chevrolet,T393AK,32,282,27,2014
Новиков,Лаврентий,Алексеевич,Lada,K529YX,34,960,1,2006
Ильин,Валерий,Павлович,Kia,Y514TB,45,679,1,2023
Блинов,Павел,Геннадиевич,Ferrari,H251AX,179,929,15,2018
Смирнов,Артем,Константинович,Tesla,H19TP,102,690,11,2015
Туров,Арсений,Тимурович,Toyota,B637KM,73,33,3,2022
Романов,Филипп,Андреевич,Москвич,C20OT,113,923,23,2003
Шестаков,Демид,Игоревич,Москвич,E261CO,151,679,13,2004
Крюков,Макар,Алексеевич,УАЗ,Y551OT,112,257,1,2008
Шестаков,Яков,Олегович,Haval,T935AE,132,141,19,2022
Смирнов,Богдан,Николаевич,Maybach,Y418HP,134,386,14,2021
Васильев,Феликс,Игоревич,Maybach,O118AE,96,235,19,2008
Семёнов,Игорь,Елисеевич,BMW,P157TO,162,325,18,2008
Рогов,Владимир,Даниилович,Zeekr,O340KE,21,675,20,2008
Григорьев,Владислав,Ильич,Jaguar,B762AO,168,940,0,2008
Колесников,Глеб,Анатольевич,Maserati,X359PP,132,491,17,2010
Колесников,Богдан,Ярославович,Changan,A198CT,25,837,28,2017
Орлов,Андрей,Диомидович,Changan,H269OK,67,634,8,2016
Миронов,Александр,Демидович,Lada,B532KT,83,409,10,2000
Владимиров,Марк,Ульянович,Honda,B604XM,103,186,25,2024
Иванов,Феликс,Гавриилович,Lada,H164PK,24,338,14,2019
Савин,Герман,Максимович,BMW,P286OO,186,393,23,2000
Иванов,Филипп,Феликсович,Peugeot,T317HX,105,143,12,2009
Лыткин,Ян,Олегович,Toyota,T418XY,123,500,17,2012
Ширяев,Олег,Игнатович,Aurus,T931HC,121,713,10,2014
Меркушев,Тихон,Прохорович,Hyundai,K126MH,182,831,26,2003
Сергеев,Михаил,Григорьев,Jaguar,P238OB,50,425,15,2003
Соколов,Олег,Сидорович,Tesla,C265MT,4,916,4,2009
Михайлов,Кондратий,Тимурович,Mitsubishi,E997OP,172,719,27,2008
Владимиров,Макар,Нефёдович,Changan,O280TB,175,501,6,2023
Фёдоров,Тихон,Ярославович,Lamborghini,P58AB,90,798,16,2024
Алексеев,Ян,Петрович,Москвич,O976EC,16,310,2,2001
Соболев,Осип,Сидорович,Kia,K329YB,41,283,25,2012
Попов,Арнольд,Нефёдович,BYD,K382KK,87,425,22,2010
Кузьмин,Архип,Артурович,Mercedes_Benz,P952XX,21,99,4,2003
Рогов,Светозар,Прокопович,Honda,A566PP,51,514,23,2017
Лебедев,Андрей,Васильевич,Lamborghini,Y293YX,192,780,10,2007
Овчинников,Семен,Васильевич,Honda,O58MH,195,306,9,2008
Александров,Филипп,Иванович,Bentley,A615EC,114,652,27,2017
Гуляев,Константин,Евгеньевич,Changan,O187AH,101,175,7,2021
Филиппов,Самсон,Павлович,Hyundai,T969PP,23,121,2,2017
Лебедев,Макар,Алексеевич,Chevrolet,C184OY,138,215,16,2019
Алексеев,Лев,Осипович,Hyundai,Y332PA,144,151,19,2004
Михеев,Филипп,Григорьевич,Kia,H84TK,17,844,8,2024
Миронов,Аркадий,Антонович,Aurus,H779HT,7,997,7,2014
Меркушев,Орлов,Емельянович,Lada,T969CX,160,179,26,2013
Романов,Игнат,Демидович,Porsche,M937XO,149,897,1,2018
Васильев,Егор,Валентинович,Lamborghini,E394YA,70,354,2,2014
Колесников,Герман,Юрьевич,Mazda,X415CH,98,639,0,2008
Новиков,Захар,Диомидович,BMW,C556AO,120,757,13,2014
Антонов,Ильяс,Платонович,Skoda,A517TK,175,930,26,2013
Мамонтов,Роман,Степанович,Ford,C710BH,165,243,2,2002
Калинин,Герман,Арсенович,BYD,M181BT,123,670,3,2018
Фёдоров,Анатолий,Тимофеевич,Lamborghini,C758BA,1,914,24,2016
Сергеев,Стефан,Игнатович,Bentley,T731OX,11,452,25,2011
Лебедев,Роман,Даниилович,Aurus,X433OE,125,346,25,2020
Александров,Анатолий,Ильясович,Lamborghini,T894KK,74,241,9,2002
Блинов,Альберт,Ильясович,Land_Rover,K598PY,120,436,24,2023
Пономарёв,Фаддей,Максимович,Rolls_Royce,K484BM,172,910,18,2016
Филиппов,Эрнест,Олегович,Lamborghini,O696HA,125,716,23,2013
Мартынов,Даниил,Демидович,Toyota,X79TE,146,895,7,2003
Колесников,Данил,Осипович,Jaguar,E448BC,156,116,26,2011
Кузнецов,Семён,Глебович,Lexus,O598CX,34,152,11,2024
Миронов,Ян,Иванович,Nissan,T884XB,51,485,21,2020
Быков,Иван,Павлович,Peugeot,E293EP,14,983,14,2019
Васильев,Глеб,Игоревич,Zeekr,H899OT,17,513,11,2005
Чернов,Евгений,Трофимович,Москвич,T936OT,160,84,10,2002
Меркушев,Прохор,Васильевич,Mercedes_Benz,X144EO,25,127,0,2010
Марков,Геннадий,Константинович,Honda,M530BX,33,94,9,2010
Меркушев,Ульян,Емельянович,Ford,M709TX,113,26,2,2017
Филиппов,Роман,Викторович,Volkswagen,C844XP,164,692,11,2008
Крылов,Александр,Степанович,Renault,Y281TC,100,195,27,2011
Крылов,Антон,Филиппович,Changan,A48MO,115,962,17,2010
Калинин,Альберт,Нефёдович,Jaguar,Y565YC,7,127,3,2016
Быков,Фома,Исаевич,Maybach,A647BO,96,163,0,2024
Григорьев,Эдуард,Алексеевич,Peugeot,T639BY,37,529,3,2000
Антонов,Эдуард,Антипович,Ford,C967MT,46,351,16,2017
Ефимов,Филат,Трофимович,Aurus,E60EX,27,314,21,2003
Трофимов,Серафим,Сидорович,BMW,P616EE,66,930,28,2002
Чернов,Савелий,Феликсович,Audi,C770HM,61,104,1,2018
Соболев,Павел,Ульянович,Volkswagen,C12AP,130,522,12,2016
Романов,Савелий,Трофимович,Volkswagen,K364YX,176,850,3,2021
Ситников,Яромир,Антонович,Tesla,A706KO,90,685,7,2008
Мамонтов,Станислав,Данилович,Chevrolet,T622BY,88,71,0,2001
Рогов,Лев,Платонович,BYD,O873KA,104,534,26,2018
Орлов,Алан,Александрович,Москвич,C8CY,93,956,25,2014
Колесников,Шагдар,Адамович,Kia,Y394ET,177,996,5,2012
Сергеев,Эрик,Владимирович,Jaguar,T179XA,83,284,9,2003
Новиков,Прохор,Прохорович,Москвич,X576TA,83,373,16,2009
Ефимов,Анатолий,Макарович,Aurus,H694TM,67,123,17,2009
Блинов,Евгений,Адрианович,Lamborghini,E994PM,45,781,17,2018
Лихачёв,Дмитрий,Артурович,Jaguar,M907BO,119,116,6,2015
Лебедев,Мурат,Федотович,Haval,E967OE,56,288,4,2011
Алексеев,Ян,Осипович,Ferrari,Y931HY,88,300,8,2006
Ильин,Эрнест,Ильич,Maserati,T871XH,104,866,12,2017
Попов,Виктор,Геннадьевич,Hyundai,C480EP,49,85,1,2021
Лебедев,Вячеслав,Геннадиевич,Jacer,X423BP,131,216,15,2009
Пономарёв,Самсон,Леонидович,Tesla,X297MK,84,737,1,2019
Семёнов,Демид,Адрианович,Lexus,H350EC,38,70,10,2015
Орлов,Данил,Сидорович,Honda,O60YT,72,925,4,2017
Крылов,Олег,Ильич,Skoda,B819MC,57,416,21,2007
Рогов,Мстислав,Глебович,Aurus,A699ME,100,855,15,2004
Фёдоров,Борис,Юрьевич,Ford,E59AB,130,479,20,2023
Алексеев,Феликс,Магомедович,Honda,A441CX,60,804,9,2002
Крылов,Ефрем,Яковлевич,Mazda,P507BA,5,378,12,2009
Новиков,Трофим,Павлович,Hyundai,M985HM,13,683,20,2009
Туров,Мстислав,Яковлевич,McLaren,A225CH,118,633,27,2009
Сергеев,Евгений,Антонович,Haval,T121EX,143,288,6,2017
Миронов,Павел,Ярославович,Hummer,O534PX,40,716,2,2010
Лебедев,Фома,Глебович,BYD,B779EM,107,976,11,2002
Лыткин,Аркадий,Игнатович,Toyota,E980BX,30,329,20,2024
Иванов,Сергей,Семенович,Jacer,H227PB,37,810,22,2020
Калинин,Ефрем,Евгеньевич,Rolls_Royce,A696BE,146,963,28,2007
Гуляев,Аркадий,Магомедович,Porsche,T83AB,83,281,6,2001
Попов,Максим,Петрович,Lexus,Y407CP,54,62,16,2007
Александров,Станислав,Данилович,Porsche,Y686KC,112,18,15,2013
Владимиров,Рустам,Семенович,Mazda,C987KM,181,53,16,2007
Лихачёв,Андрей,Гавриилович,Aurus,C787BB,44,199,25,2015
Григорьев,Рустам,Евсеевич,Tesla,B185AY,55,638,7,2023
Владимиров,Анатолий,Осипович,Bentley,B45XA,155,24,16,2023
Шестаков,Матвей,Васильевич,Ford,C903EB,20,159,11,2011
Васильев,Марк,Артурович,Audi,A426BA,39,540,20,2011
Рогов,Стефан,Осипович,Haval,T655PO,94,577,14,2007
Сергеев,Николай,Антипович,Chevrolet,M260CM,137,931,2,2002
Лебедев,Виктор,Захарович,Changan,O985XB,9,420,17,2004
Гуляев,Егор,Семенович,Changan,X421TK,97,747,13,2007
Ефимов,Захар,Тимофеевич,Volvo,E597TB,108,530,22,2023
Федосеев,Иван,Ульянович,McLaren,K229BK,155,655,20,2022
Смирнов,Руслан,Евсеевич,Ford,M655OE,186,552,19,2011
Попов,Григорий,Павлович,BMW,A420OC,49,704,8,2019
Мартынов,Богдан,Глебович,Jeep,K758YX,164,645,9,2024
Филиппов,Лев,Гавриилович,Mazda,O955OM,51,71,2,2018
Кузьмин,Эрик,Романович,Land_Rover,Y943YM,26,293,13,2006
Степанов,Фома,Дмитриевич,BYD,T80KH,136,530,0,2018
Кудрявцев,Олег,Ильясович,Audi,T931MK,145,344,11,2013
Александров,Эрнест,Романович,Jacer,E333HC,164,40,4,2000
Романов,Виталий,Степанович,Москвич,P611MA,1,438,6,2001
Владимиров,Степан,Ульянович,Changan,Y467HO,86,781,25,2009
Федосеев,Прохор,Артурович,Audi,M704KA,37,693,25,2023
Михайлов,Илья,Владимирович,McLaren,T521BC,141,929,28,2005
Быков,Данил,Игнатович,Nissan,T792CT,31,86,17,2016
Миронов,Александр,Артурович,Skoda,M765AK,108,27,9,2001
Крылов,Шагдар,Артурович,Rolls_Royce,M745PA,61,956,24,2008
Филиппов,Ярослав,Демидович,Jeep,B983MC,188,698,23,2008
Михеев,Трофим,Николаевич,Changan,O956EM,153,949,8,2018
Григорьев,Светозар,Дмитриевич,Jaguar,T174EM,63,126,9,2022
Симонов,Яков,Дмитриевич,Volkswagen,Y351YB,106,822,21,2019
Ильин,Мстислав,Бедросович,Rolls_Royce,K617OK,5,883,10,2023
Симонов,Степан,Иванович,Hyundai,C382AX,106,934,24,2003
Федосеев,Даниил,Дмитриевич,Jacer,O758MC,150,831,26,2018
Калинин,Марк,Владиславович,Tesla,P892YE,105,936,4,2021
Блинов,Константин,Степанович,Jaguar,T874OE,79,503,4,2008
Семёнов,Алан,Захарович,Chevrolet,M718AM,36,576,28,2015
Овчинников,Дмитрий,Александрович,Chevrolet,K217BP,116,868,15,2006
Федосеев,Осип,Платонович,BMW,P135ET,176,396,9,2020
Овчинников,Фаддей,Григорьевич,Peugeot,X473PO,121,544,6,2006
Миронов,Антон,Игоревич,McLaren,E760TB,121,951,3,2000
Туров,Аркадий,Александрович,Peugeot,B482BE,91,799,7,2011
Лебедев,Виктор,Григорьевич,Peugeot,H36KH,40,330,1,2003
Захаров,Ян,Антипович,Chevrolet,O567MK,96,583,20,2003
Чернов,Вадим,Нефёдович,Land_Rover,P83HK,85,407,12,2011
Александров,Роман,Адрианович,Maserati,C753PA,87,920,26,2012
Кудрявцев,Алексей,Олегович,Hyundai,B662KO,130,458,0,2009
Пономарёв,Архип,Прокопович,Changan,T78YX,154,634,15,2008
Ситников,Дорофей,Олегович,Lada,K184MO,187,371,20,2019
Блинов,Руслан,Давидович,McLaren,H297MO,199,48,27,2017
Степанов,Тимофей,Игнатович,Zeekr,M296BE,6,20,8,2007
Крылов,Ашот,Михайлович,Peugeot,K289KO,81,990,27,2011
Соболев,Ян,Адамович,Москвич,M405EX,37,780,12,2021
Мамонтов,Микула,Глебович,Land_Rover,K99OM,46,622,14,2004
Алексеев,Константин,Геннадиевич,Lexus,X949CX,141,487,11,2008
Марков,Петр,Юрьевич,УАЗ,H864AC,74,473,23,2011
Гуляев,Станислав,Валентинович,Mazda,A655BM,32,544,2,2001
Савин,Игнат,Артурович,Haval,A584CM,71,198,6,2002
Чернов,Филипп,Петрович,Hyundai,O5TA,176,717,24,2005
Лебедев,Филат,Диомидович,Porsche,X377MK,97,320,11,2008
Фёдоров,Юлиан,Тимурович,Kia,H92ET,131,99,2,2013
Кудрявцев,Артур,Максимович,УАЗ,X603TP,58,21,5,2010
Михайлов,Ильяс,Владиславович,Maserati,C528HE,198,673,3,2012
Попов,Фома,Николаевич,Volkswagen,Y306TX,10,814,27,2005
Быков,Григорий,Семенович,Changan,E744TM,83,874,22,2011
Лихачёв,Антон,Игоревич,Москвич,B776AE,178,697,26,2011
Лыткин,Тихон,Борисович,Mazda,O106XC,187,635,23,2013
Фёдоров,Ян,Владиславович,Nissan,Y157OC,92,458,10,2020
Алексеев,Феликс,Геннадьевич,Volvo,O951AB,61,961,6,2005
Иванов,Макар,Арсенович,Hyundai,O587KX,73,703,17,2007
Симонов,Константин,Семёнович,Bugatti,B619HM,129,612,5,2004
Лыткин,Валентин,Семенович,Skoda,O198YT,58,412,5,2006
Лыткин,Данил,Платонович,Ford,H911PK,159,666,12,2008
Волков,Альберт,Егорович,BMW,E496MB,48,722,27,2003
Блинов,Рустам,Степанович,Skoda,X378KH,192,94,26,2022
Морозов,Антон,Тимурович,Jaguar,C979KB,166,205,14,2019
Калинин,Борис,Борисович,Changan,X895YX,47,417,12,2021
Михайлов,Филипп,Емельянович,Zeekr,B424HT,181,553,27,2005
Лихачёв,Захар,Антипович,McLaren,A585HC,106,625,20,2011
Захаров,Архип,Гавриилович,Volkswagen,X192KP,73,112,8,2009
Морозов,Давид,Прокопович,Jaguar,A632BP,103,773,4,2016
Савин,Мурат,Бедросович,Nissan,X838HM,27,118,16,2019
Попов,Трофим,Юрьевич,Hyundai,P763AO,32,363,0,2015
Васильев,Мурат,Адрианович,Jeep,A364HX,118,741,28,2008
Владимиров,Фадей,Платонович,Mercedes_Benz,X639BP,54,972,1,2020
Александров,Эрнест,Магомедович,Maserati,O453YC,140,16,11,2003
Михеев,Владислав,Антонович,Rolls_Royce,X358HH,66,644,8,2022
Орлов,Макар,Борисович,Aurus,X748KK,79,600,19,2024
Мамонтов,Никита,Давидович,Volvo,E642BE,86,267,11,2006
Чернов,Игорь,Олегович,Maserati,O25AY,199,764,18,2021
Ситников,Терентий,Николаевич,Ferrari,P624PB,70,152,10,2004
Кудрявцев,Фаддей,Нефёдович,Zeekr,T232CP,154,86,11,2008
Мамонтов,Валера,Демидович,Hummer,C428HK,190,570,2,2017
Сергеев,Артем,Глебович,Maserati,H543KY,170,720,24,2016
Александров,Григорий,Леонидович,Toyota,P222XA,195,993,17,2019
Гуляев,Альберт,Максимович,Mitsubishi,K905MK,86,13,26,2001
Калинин,Матвей,Антонович,Jeep,P780CC,183,117,7,2012
Фёдоров,Кондратий,Максимович,Toyota,H659EC,135,595,19,2020
Трофимов,Тимофей,Давидович,Hyundai,O197BB,164,250,7,2022
Антонов,Шагдар,Давидович,Bugatti,H712MA,162,873,24,2014
Трофимов,Фаддей,Владиславович,Honda,H841CM,132,289,11,2020
Громов,Феликс,Осипович,Haval,E916XB,142,716,7,2002
Миронов,Рустам,Елисеевич,Jeep,C142HT,183,238,13,2010
Гуляев,Ян,Алексеевич,McLaren,K850TK,167,682,19,2003
Зайцев,Тихон,Арсенович,Tesla,E744XH,119,388,13,2002
Чернов,Лаврентий,Гавриилович,Volkswagen,X238CA,42,705,1,2018
Колесников,Феликс,Прокопович,Lexus,M993AM,57,933,26,2004
Чернов,Микула,Диомидович,Chevrolet,O86HC,38,148,0,2006
Савин,Самсон,Платонович,Ferrari,B722HA,13,123,13,2022
Шестаков,Фадей,Игнатович,Zeekr,E504HP,195,448,21,2016
Филиппов,Мурат,Адрианович,Jaguar,O188EY,109,57,18,2010
Громов,Филипп,Прохорович,Hyundai,H941HB,30,806,18,2002
Попов,Кондратий,Семенович,Land_Rover,E479YK,128,299,23,2011
Соколов,Фаддей,Ильич,Jaguar,B284KC,7,595,1,2012
Миронов,Станислав,Яковлевич,BYD,B672HM,132,17,28,2010
Лыткин,Василий,Андреевич,Hyundai,X412BM,93,845,16,2005
Трофимов,Савелий,Прокопович,Land_Rover,H183TC,194,904,18,2015
Фёдоров,Константин,Валентинович,Volvo,C759AK,83,481,5,2002
Симонов,Степан,Степанович,Bentley,E730MX,72,807,19,2015
Антонов,Семен,Юрьевич,Jaguar,O447YH,57,622,4,2016
Лихачёв,Даниил,Глебович,BYD,C340KB,168,758,9,2004
Быков,Ян,Олегович,Mercedes_Benz,H539MA,120,219,10,2011
Калинин,Игнат,Осипович,Ford,E607CB,97,997,13,2009
Зайцев,Валентин,Глебович,Renault,M267EH,67,978,9,2007
Чернов,Христофор,Васильевич,Haval,C493KA,123,744,3,2009
Логинов,Самсон,Юрьевич,Volkswagen,P1EE,1,707,11,2010
Филиппов,Кондратий,Михайлович,Lamborghini,O275CX,132,694,10,2019
Миронов,Артур,Геннадьевич,Lamborghini,P357EM,182,461,11,2009
Антонов,Христофор,Нефёдович,Honda,O819AK,78,788,9,2006
Михайлов,Семён,Демидович,BYD,O852OY,66,953,13,2010
Филиппов,Давид,Борисович,Москвич,T66MT,49,309,8,2001
Громов,Тимофей,Даниилович,Zeekr,X259OX,196,558,22,2004
Трофимов,Матвей,Захарович,Jacer,A444YP,18,717,6,2016
Симонов,Григорий,Иванович,Mercedes_Benz,E642PK,4,911,13,2022
Мамонтов,Терентий,Владимирович,Skoda,H269TP,40,265,20,2023
Громов,Ян,Евгеньевич,Maserati,M333HE,102,366,6,2014
Гуляев,Ульян,Антонович,Peugeot,C671EB,112,304,25,2013
Казаков,Фома,Игнатович,Chevrolet,O440TB,99,90,2,2020
Михеев,Фадей,Арсенович,Honda,O384TY,173,75,7,2015
Марков,Тимофей,Алексеевич,Mazda,K137MP,94,618,7,2006
Иванов,Серафим,Егорович,BYD,B222TX,189,859,12,2006
Смирнов,Виктор,Тимурович,Peugeot,C232EO,154,189,23,2019
Васильев,Олег,Валентинович,Chevrolet,C729BE,53,571,10,2014
Попов,Филат,Павлович,Lexus,M606PT,181,775,17,2002
Ширяев,Семён,Тимофеевич,Maybach,Y204YO,19,506,1,2011
Быков,Тихон,Арсенович,Porsche,T683OH,123,916,14,2001
Гуляев,Тимофей,Демидович,Porsche,H884AE,51,349,4,2001
Блинов,Фаддей,Степанович,Mitsubishi,M869EO,147,149,17,2016
Морозов,Иван,Ярославович,McLaren,C130PP,115,803,7,2011
Крюков,Николай,Игоревич,Jacer,Y190EE,100,745,12,2006
Марков,Семён,Нефёдович,Kia,O348AA,40,857,3,2015
Чернов,Микула,Семёнович,Mitsubishi,Y173YE,186,552,7,2008
Михайлов,Геннадий,Захарович,McLaren,P827BP,113,113,18,2023
Логинов,Рустам,Платонович,BMW,T442MC,103,346,26,2012
Владимиров,Антон,Геннадиевич,Changan,H329BM,117,921,8,2017
Крюков,Семен,Семёнович,Rolls_Royce,A105KB,13,253,7,2023
Лебедев,Валерий,Борисович,Jeep,X912KX,106,828,12,2011
Ефимов,Макар,Алексеевич,Ford,C959YO,127,73,27,2003
Смирнов,Кирилл,Романович,Ferrari,X431EC,54,232,2,2020
Волков,Фома,Семёнович,Jaguar,A82XP,116,959,8,2007
Михайлов,Владислав,Леонидович,Mercedes_Benz,Y72CB,180,826,18,2020
Михеев,Илья,Дмитриевич,Rolls_Royce,X114PX,146,956,23,2009
Сергеев,Дмитрий,Магомедович,УАЗ,T173MO,64,910,1,2024
Владимиров,Игнат,Адрианович,Maserati,E190BH,135,859,26,2019
Гуляев,Станислав,Платонович,Tesla,B586BH,108,935,0,2012
Лыткин,Данил,Прокопович,Peugeot,B955YC,120,305,25,2013
Ширяев,Дмитрий,Леонидович,Maybach,O999XE,46,473,2,2009
Михайлов,Олег,Сидорович,Nissan,T158PA,127,318,26,2012
Туров,Ильяс,Юрьевич,Hummer,P837KM,161,247,18,2009
Туров,Светозар,Игнатович,Maybach,Y655OA,5,279,8,2008
Громов,Виталий,Феликсович,Maserati,X194EA,157,590,24,2019
Фёдоров,Фадей,Адамович,Nissan,E982OX,38,953,13,2010
Филиппов,Осип,Ульянович,Ferrari,H355HC,90,627,11,2005
Пономарёв,Ефрем,Игоревич,Mitsubishi,C632AA,101,18,25,2021
Попов,Семен,Павлович,Москвич,C30CC,152,132,6,2001
Блинов,Василий,Александрович,Mercedes_Benz,K757KA,58,143,21,2006
Федосеев,Арнольд,Сидорович,Ferrari,X790OE,148,667,19,2011
Миронов,Михаил,Максимович,Ferrari,H447CT,183,535,9,2024
Новиков,Максим,Макарович,Bugatti,C504YP,52,936,2,2022
Зайцев,Кондратий,Феликсович,Volvo,C121CM,10,800,19,2011
Шестаков,Руслан,Владимирович,Hummer,P144EM,80,1001,18,2002
Федосеев,Даниил,Викторович,BYD,E63HK,110,798,10,2024
Рогов,Август,Олегович,Peugeot,M935PH,88,73,20,2010
Кудрявцев,Семён,Степанович,Bentley,O347ME,68,64,25,2010
Лыткин,Олег,Глебович,Jaguar,C164CE,186,683,1,2018
Блинов,Эрик,Платонович,Audi,Y637XX,150,994,24,2017
Овчинников,Александр,Павлович,Aurus,B563XM,131,110,18,2016
Васильев,Антон,Александрович,Kia,B695YA,111,30,1,2011
Ширяев,Архип,Тимурович,Porsche,K47BX,199,26,6,2000
Симонов,Назар,Михайлович,Hummer,Y92XH,195,184,0,2023
Захаров,Макар,Ульянович,Peugeot,O357HC,160,188,18,2011
Туров,Эрик,Григорьевич,Renault,X184MO,64,276,5,2012
Федосеев,Антон,Иванович,Honda,E876TP,56,323,21,2020
Пономарёв,Ян,Олегович,Mazda,A494HT,124,780,20,2006
Калинин,Трофим,Исаевич,Kia,E828AC,41,27,27,2001
Ширяев,Архип,Геннадьевич,Renault,C24BC,121,75,20,2000
Семёнов,Филипп,Емельянович,Bentley,E105BP,20,212,12,2023
Владимиров,Александр,Макарович,Kia,T926AP,115,667,12,2012
Калинин,Феликс,Осипович,Tesla,O451XE,13,237,12,2023
Романов,Фадей,Прокопович,Mitsubishi,E785EX,185,796,3,2011
Волков,Филипп,Романович,Kia,O441XK,9,935,13,2013
Марков,Станислав,Игоревич,Volkswagen,Y759MX,113,993,21,2011
Захаров,Микула,Бедросович,Jaguar,C401MA,28,913,25,2023
Савин,Артур,Геннадьевич,Lexus,Y913TT,154,805,22,2003
Степанов,Светозар,Юрьевич,Skoda,P540CB,72,653,5,2020
Волков,Николай,Владимирович,Aurus,C690KM,26,143,22,2012
Ефимов,Геннадий,Владимирович,Aurus,M817PE,105,835,26,2023
Быков,Дмитрий,Артурович,Toyota,E488KE,162,912,2,2020
Симонов,Григорий,Иванович,Ferrari,X540AH,124,275,1,2013
Мартынов,Валерий,Андреевич,Ford,O466PY,135,654,11,2014
Кудрявцев,Владислав,Владимирович,Chevrolet,B911HB,149,152,0,2002
Сергеев,Антон,Васильевич,Москвич,C53MK,140,578,3,2007
Ефимов,Иван,Егорович,Jeep,O396TC,37,478,8,2014
Чернов,Эрик,Ильич,Haval,A89HK,69,966,15,2001
Смирнов,Филипп,Григорьевич,Rolls_Royce,P978HX,128,815,13,2005
Кудрявцев,Евгений,Геннадиевич,Changan,E132HP,116,167,19,2011
Морозов,Лев,Тимурович,Mitsubishi,T387YC,175,540,15,2010
Алексеев,Фёдор,Гавриилович,Bugatti,A791CX,184,461,3,2001
Лихачёв,Ильяс,Андреевич,Renault,P488XH,143,703,5,2002
Степанов,Филипп,Адрианович,Tesla,O298MM,26,102,27,2012
Орлов,Рустам,Диомидович,Maybach,P555OP,121,831,23,2020
Логинов,Яромир,Ильич,Kia,K719AA,25,325,15,2020
Сергеев,Владислав,Прокопович,Ford,X604PH,139,979,19,2000
Лебедев,Юлиан,Гавриилович,Lexus,B431TM,122,462,3,2023
Овчинников,Владимир,Константинович,BMW,X167OK,22,669,6,2015
Ефимов,Ильяс,Нефёдович,Volvo,M7OC,44,545,0,2001
Григорьев,Тихон,Михайлович,Tesla,C105PA,47,222,3,2020
Алексеев,Архип,Иванович,Honda,B946PH,91,985,27,2014
Владимиров,Анатолий,Семёнович,BMW,K785TC,126,638,15,2010
Романов,Герман,Павлович,Maybach,O682XT,29,395,12,2006
Филиппов,Мурат,Ярославович,Nissan,B374EC,108,490,27,2007
Казаков,Макар,Геннадиевич,Mercedes_Benz,E727BT,176,629,21,2001
Владимиров,Игнат,Олегович,Honda,C225OC,99,499,20,2014
Степанов,Ульян,Владимирович,Bugatti,B191AX,75,104,14,2021
Филиппов,Петр,Дмитриевич,Volkswagen,A993HK,172,914,20,2021
Григорьев,Лаврентий,Викторович,Kia,M371CB,55,513,18,2018
Ильин,Феликс,Артурович,Москвич,M207OC,174,875,7,2001
Рогов,Ян,Анатольевич,Bugatti,M424BY,71,534,22,2007
Соболев,Филат,Петрович,Ford,P202PC,121,296,3,2014
Крылов,Василий,Алексеевич,Rolls_Royce,C379MX,22,479,5,2009
Логинов,Валентин,Феликсович,Hyundai,M644XK,39,922,12,2015
Кудрявцев,Мурат,Максимович,Jeep,T498XY,145,335,25,2014
Михеев,Август,Ульянович,Bentley,C484KB,78,110,9,2023
Туров,Геннадий,Анатольевич,Lamborghini,T839PH,54,266,3,2010
Ефимов,Илья,Диомидович,Zeekr,B193CX,193,61,21,2002
Рогов,Филат,Игнатович,Hyundai,E235OH,139,313,6,2019
Лебедев,Давид,Дмитриевич,Москвич,X153CM,46,274,22,2021
Филиппов,Демид,Игнатович,McLaren,P533MC,159,944,24,2008
Попов,Ашот,Давидович,Rolls_Royce,A168CB,53,501,0,2009
Пономарёв,Вячеслав,Григорьев,Jaguar,E829BM,75,322,12,2021
Миронов,Мурат,Владимирович,Hummer,T135EH,112,939,19,2016
Ширяев,Тихон,Диомидович,Changan,M825YY,24,904,6,2003
Федосеев,Август,Диомидович,BMW,P907TB,172,294,23,2011
Логинов,Богдан,Артурович,Lexus,K832PC,32,990,26,2024
Кузьмин,Юлиан,Александрович,Hyundai,A515HC,52,860,1,2007
Степанов,Валера,Адрианович,Aurus,P942XH,191,71,14,2014
Гуляев,Богдан,Адрианович,Lexus,K205XX,28,165,15,2024
Казаков,Захар,Игоревич,Peugeot,O716HE,132,196,18,2019
Кудрявцев,Вячеслав,Глебович,Renault,A21YC,30,810,24,2012
Васильев,Лаврентий,Бедросович,Jeep,P228MK,98,155,9,2016
Сергеев,Семен,Ильич,Mitsubishi,K313KK,105,526,15,2018
Логинов,Виктор,Филиппович,Lamborghini,O532OX,5,622,3,2001
Чернов,Михаил,Артурович,BMW,T660TX,97,46,15,2019
Миронов,Арсений,Глебович,McLaren,M390PY,43,1000,22,2001
Сергеев,Альберт,Захарович,УАЗ,K128OK,58,651,26,2003
Филиппов,Виталий,Игоревич,Ferrari,H842CP,143,557,0,2002
Михеев,Микула,Иванович,Bentley,T298CO,35,99,6,2003
Крюков,Ярослав,Платонович,Mitsubishi,H674MH,127,110,15,2006
Кудрявцев,Трофим,Григорьевич,Volkswagen,A367YT,124,312,6,2021
Владимиров,Александр,Осипович,Jacer,C680EX,168,257,16,2015
Ефимов,Серафим,Исаевич,Jaguar,K339EY,24,30,1,2017
Логинов,Роман,Артурович,Toyota,T955MY,168,729,21,2013
Кузьмин,Лев,Леонидович,Changan,M835TK,107,111,27,2012
Калинин,Михаил,Алексеевич,Chevrolet,P74OX,56,310,26,2008
Алексеев,Филипп,Прокопович,Mercedes_Benz,C899EH,128,675,1,2001
Кузнецов,Давид,Олегович,Jeep,H360MO,13,754,25,2006
Трофимов,Фадей,Трофимович,Toyota,B389BT,29,109,20,2004
Лихачёв,Арнольд,Адрианович,Jacer,P546HM,64,895,23,2007
Алексеев,Дмитрий,Леонидович,УАЗ,E481AK,59,552,19,2023
Новиков,Максим,Петрович,Kia,T777MC,142,540,17,2004
Иванов,Григорий,Емельянович,Москвич,A208PX,76,412,0,2005
Логинов,Илья,Трофимович,Porsche,O389OX,5,29,15,2018
Владимиров,Геннадий,Платонович,Maserati,M934KE,190,679,18,2019
Меркушев,Тихон,Артурович,Ferrari,T403PP,167,861,11,2006
Ильин,Руслан,Давидович,УАЗ,E15EC,16,256,5,2002
Антонов,Феликс,Иванович,Kia,E955HY,143,361,25,2008
Логинов,Стефан,Владимирович,Skoda,T548CM,117,922,13,2003
Симонов,Филат,Степанович,Aurus,O34MT,177,939,21,2005
Колесников,Василий,Давидович,Maserati,B790AH,149,108,23,2023
Морозов,Шагдар,Степанович,BMW,K909TA,26,793,4,2014
Волков,Семен,Владиславович,Lexus,K148EE,113,367,4,2008
Пономарёв,Игнат,Алексеевич,Renault,K86CO,2,112,2,2009
Лебедев,Орлов,Данилович,Haval,T573OO,173,332,10,2021
Калинин,Валентин,Ильясович,Jeep,O347YM,71,234,9,2016
Калинин,Август,Диомидович,Skoda,A654EM,28,462,4,2021
Мартынов,Демид,Ульянович,Ford,M449HP,23,535,17,2024
Антонов,Прохор,Петрович,Jaguar,A869EB,195,91,9,2011
Савин,Никита,Осипович,Hummer,O536OH,6,848,24,2014
Кузьмин,Олег,Павлович,Bugatti,C962KH,165,42,16,2024
Семёнов,Максим,Осипович,Volvo,O193TO,165,138,19,2013
Миронов,Макар,Тимурович,BMW,P965PY,176,476,20,2007
Захаров,Фёдор,Макарович,Mitsubishi,B855EA,61,318,22,2017
Алексеев,Максим,Павлович,Mazda,A69AH,148,402,15,2000
Ильин,Александр,Ильясович,Hyundai,E881PE,77,147,15,2001
Лыткин,Руслан,Максимович,Zeekr,C658ET,78,434,28,2008
Степанов,Валера,Борисович,Hyundai,X661KE,59,555,7,2002
Степанов,Даниил,Максимович,Changan,A418KB,55,335,17,2024
Ситников,Яромир,Давидович,Zeekr,K330PH,45,775,2,2007
Фёдоров,Вадим,Романович,Maybach,O19OB,84,209,12,2014
Захаров,Демид,Антонович,Москвич,P81AK,64,319,25,2020
Степанов,Трофим,Леонидович,Bugatti,M884TP,157,582,2,2012
Иванов,Максим,Макарович,Lada,A599HH,48,941,19,2024
Туров,Тимур,Ильич,Haval,O194TA,77,440,11,2021
Федосеев,Тимур,Гавриилович,Mitsubishi,O559PB,67,946,22,2001
Лихачёв,Артур,Емельянович,Ford,C716KC,146,772,14,2020
Алексеев,Анатолий,Филиппович,McLaren,Y46KO,31,633,4,2002
Быков,Илья,Тимофеевич,Rolls_Royce,K840KH,87,754,23,2022
Семёнов,Анатолий,Семенович,Kia,M697BP,186,928,2,2018
Марков,Фёдор,Осипович,Aurus,E920HH,134,957,11,2004
Захаров,Сергей,Осипович,Lexus,P814PK,6,457,18,2010
Ефимов,Эрик,Романович,Audi,A928XX,50,863,24,2014
Алексеев,Филипп,Леонидович,Bentley,A825EM,70,139,26,2005
Степанов,Павел,Максимович,Maybach,C958MK,45,980,23,2018
Кудрявцев,Ян,Диомидович,Changan,Y6AP,154,812,21,2005
Морозов,Рустам,Анатольевич,Maybach,C46EM,158,654,0,2016
Новиков,Алексей,Романович,Ford,M560CO,172,694,6,2003
Овчинников,Артем,Александрович,Audi,B850XK,69,747,9,2004
Григорьев,Егор,Ярославович,BYD,H28KB,152,580,20,2021
Крылов,Ульян,Алексеевич,Maserati,E766HT,85,807,11,2017
Кузнецов,Марк,Романович,Aurus,X61KY,172,17,14,2024
Мартынов,Осип,Тимурович,Toyota,H971MT,136,13,2,2017
Кудрявцев,Руслан,Николаевич,Bentley,K905XO,86,966,4,2014
Крылов,Арон,Олегович,Tesla,B816KO,103,1001,7,2012
Мартынов,Семен,Тимофеевич,Kia,X421YM,138,852,7,2000
Ширяев,Эрнест,Алексеевич,Jaguar,O314KM,138,990,16,2022
Попов,Семён,Прокопович,Ferrari,Y553PA,161,338,20,2009
Туров,Матвей,Владиславович,Lexus,X995TH,23,347,21,2001
Ильин,Григорий,Сидорович,Changan,H856TA,28,618,27,2016
Быков,Юлиан,Тимурович,Honda,A20KO,43,324,4,2011
Соколов,Яков,Осипович,Peugeot,K10CH,84,692,21,2011
Антонов,Ульян,Владиславович,Ferrari,M741MB,75,636,11,2004
Миронов,Микула,Павлович,Ferrari,O975BT,66,431,9,2024
Рогов,Кирилл,Юрьевич,Ferrari,Y215EC,52,29,8,2013
Иванов,Игнат,Глебович,Jacer,E65XT,141,373,9,2016
Смирнов,Шагдар,Андреевич,Rolls_Royce,K599YY,194,477,18,2000
Блинов,Валерий,Евгеньевич,Rolls_Royce,X827OP,34,920,21,2007
Лыткин,Тихон,Геннадиевич,Москвич,K672YA,107,101,17,2019
Логинов,Ян,Нефёдович,Lexus,X239KB,42,899,26,2001
Марков,Олег,Дмитриевич,Honda,E548PY,59,780,28,2022
Ильин,Богдан,Валентинович,Porsche,Y569HM,15,201,17,2014
Сергеев,Фёдор,Геннадиевич,Tesla,K924MC,140,976,19,2018
Крюков,Константин,Дмитриевич,УАЗ,X482KT,67,841,8,2006
Семёнов,Самсон,Константинович,Mitsubishi,O470BK,43,435,8,2002
Зайцев,Богдан,Степанович,Ferrari,X48PE,70,29,8,2002
Александров,Михаил,Платонович,Jeep,K777TE,138,946,2,2002
Владимиров,Алан,Даниилович,BYD,A290HO,169,996,24,2019
Казаков,Филипп,Нефёдович,Aurus,A298BK,94,656,11,2014
Громов,Ульян,Евсеевич,Jaguar,B215AA,58,650,20,2017
Быков,Архип,Геннадиевич,Jeep,T452XY,12,672,4,2024
Филиппов,Тимофей,Александрович,BMW,T652MH,44,381,9,2000
Орлов,Фёдор,Васильевич,Hyundai,A403TO,35,109,26,2021
Соколов,Роман,Демидович,Hummer,O551OM,167,68,21,2006
Крылов,Андрей,Артурович,Bentley,M619KO,47,357,16,2015
Новиков,Арсений,Валентинович,McLaren,M433AB,106,409,28,2001
Рогов,Назар,Евгеньевич,Changan,O185AO,138,380,15,2000
Крюков,Павел,Евгеньевич,Rolls_Royce,H299PO,139,438,7,2007
Романов,Анатолий,Прокопович,Kia,B522OT,90,601,22,2009
Новиков,Савелий,Валентинович,Land_Rover,A894OT,28,199,6,2015
Новиков,Ашот,Максимович,Jacer,H77XM,2,389,28,2016
Ширяев,Филипп,Нефёдович,Lamborghini,X839XA,188,439,0,2009
Ефимов,Демид,Артурович,Honda,H482OK,146,83,2,2012
Колесников,Назар,Андреевич,Volkswagen,K429MY,124,838,23,2006
Соколов,Лаврентий,Ильясович,Kia,H19HT,188,388,25,2008
Кузьмин,Ярослав,Константинович,Rolls_Royce,H333OH,25,146,13,2016
Симонов,Семён,Артурович,Nissan,P708KY,141,156,1,2022
Кузнецов,Илья,Ярославович,Lada,C41BM,106,98,12,2016
Рогов,Эрик,Олегович,Audi,Y690PP,105,408,16,2010
Семёнов,Сергей,Олегович,Aurus,H686HY,4,256,3,2010
Степанов,Ашот,Игоревич,Lamborghini,B707AX,82,639,7,2017
Сергеев,Савелий,Сидорович,Jaguar,P137OX,186,527,12,2012
Кузнецов,Эдуард,Степанович,Maybach,C948MM,92,996,7,2004
Кузьмин,Роман,Тимурович,Tesla,Y470CY,49,103,20,2010
Ситников,Иван,Елисеевич,Tesla,T156HB,134,823,2,2000
Новиков,Сергей,Емельянович,Volkswagen,K177BK,23,419,28,2002
Ефимов,Аркадий,Борисович,Chevrolet,M865CT,14,918,18,2000
Антонов,Арнольд,Игоревич,Volvo,P472PK,62,385,1,2020
Пономарёв,Александр,Ярославович,Kia,B358AE,106,405,18,2024
Лебедев,Эрнест,Степанович,Hyundai,Y534YA,142,898,20,2002
Новиков,Тимофей,Федотович,Volvo,M14HH,94,718,2,2023
Александров,Стефан,Константинович,Lexus,X54TH,170,855,14,2009
Алексеев,Виталий,Тимофеевич,Skoda,Y551BO,79,487,10,2024
Лихачёв,Светозар,Евсеевич,Hyundai,Y762BE,77,235,3,2010
Филиппов,Кирилл,Платонович,УАЗ,C51TP,101,950,5,2001
Мамонтов,Фаддей,Гавриилович,Volkswagen,M548EY,47,159,7,2023
Быков,Тимур,Прокопович,Changan,C419BT,54,498,17,2024
Миронов,Фаддей,Романович,УАЗ,A486XX,195,600,16,2008
Крюков,Ян,Прохорович,Hyundai,E572BO,181,246,18,2015
Мартынов,Давид,Владиславович,Maserati,H835OY,121,841,12,2014
Григорьев,Глеб,Артурович,УАЗ,M976XA,98,456,21,2018
Чернов,Ульян,Максимович,Renault,A83PA,40,791,21,2022
Казаков,Виталий,Егорович,Ferrari,P674YK,52,289,13,2001
Ширяев,Прохор,Олегович,Volkswagen,O357OH,122,163,23,2024
Лебедев,Геннадий,Бедросович,Land_Rover,H626EE,126,129,28,2001
Шестаков,Шагдар,Исаевич,Toyota,A836OE,93,269,20,2000
Туров,Орлов,Арсенович,Москвич,M233HB,114,444,25,2012
Крылов,Прохор,Осипович,Jeep,Y146OY,127,535,18,2010
Крюков,Феликс,Платонович,Lada,M794KT,151,532,2,2017
Громов,Михаил,Адамович,Land_Rover,B353EX,20,817,11,2014
Казаков,Ульян,Дмитриевич,Bentley,H969YA,107,283,4,2017
Овчинников,Игорь,Захарович,Hyundai,K736KH,139,347,11,2019
Федосеев,Прохор,Магомедович,Renault,O757EO,40,322,10,2001
Алексеев,Игорь,Прокопович,Jeep,Y564AC,48,375,13,2007
Соколов,Яромир,Платонович,Toyota,M180PX,30,708,24,2018
Романов,Василий,Васильевич,Mazda,H431AX,38,733,1,2005
Владимиров,Назар,Антонович,Audi,E873OP,123,148,4,2014
Филиппов,Арсений,Семёнович,УАЗ,M302CK,126,883,11,2000
Ефимов,Савелий,Арсенович,Lada,A945XM,4,574,21,2017
Симонов,Рустам,Семёнович,Bugatti,A24TM,2,383,27,2021
Рогов,Ильяс,Дмитриевич,Hummer,B861PA,93,719,16,2002
Быков,Илья,Прохорович,Jacer,M433EY,183,509,18,2015
Колесников,Дмитрий,Давидович,Renault,A982MX,54,875,6,2016
Морозов,Максим,Тимофеевич,Lexus,A119AB,3,802,15,2001
Иванов,Мурат,Нефёдович,Jaguar,X93CM,122,738,7,2017
Симонов,Семён,Владимирович,Nissan,A163TB,76,858,18,2015
Лебедев,Захар,Григорьев,Renault,Y118TO,180,877,7,2012
Пономарёв,Виктор,Прохорович,Audi,B430EB,133,251,17,2014
Зайцев,Филипп,Давидович,Porsche,B76KE,50,147,6,2017
Гуляев,Ярослав,Филиппович,Tesla,A467TB,113,726,3,2017
Калинин,Филипп,Максимович,Hyundai,E425HH,48,830,28,2023
Кудрявцев,Богдан,Владиславович,Ferrari,H210YY,163,577,11,2002
Кузнецов,Терентий,Андреевич,Maserati,E109OO,79,307,23,2011
Зайцев,Яромир,Егорович,Honda,T269MY,20,194,8,2010
Новиков,Орлов,Викторович,Maybach,P584TY,15,229,4,2003
Ефимов,Степан,Александрович,Lamborghini,C650YT,54,86,23,2002
Овчинников,Давид,Филиппович,Jacer,O135YB,16,845,4,2018
Романов,Назар,Платонович,Zeekr,O307CB,13,969,22,2024
Лихачёв,Филипп,Платонович,BMW,T414EP,67,775,0,2005
Филиппов,Тимур,Сидорович,Rolls_Royce,C856HO,174,978,19,2018
Чернов,Виталий,Алексеевич,Rolls_Royce,M639XY,95,603,4,2006
Ильин,Савелий,Олегович,McLaren,E580XE,183,847,13,2009
Рогов,Данил,Емельянович,Москвич,B436OO,111,377,26,2024
Григорьев,Захар,Тимофеевич,Maybach,C177KA,132,412,5,2004
Кудрявцев,Макар,Демидович,Haval,K598CX,173,401,12,2001
Орлов,Алексей,Геннадьевич,Hyundai,A507TH,168,999,8,2018
Быков,Сергей,Иванович,Ferrari,M137MC,24,374,18,2007
Попов,Богдан,Макарович,Maserati,T623HH,10,778,24,2013
Лебедев,Прохор,Гавриилович,Peugeot,P83BY,18,949,13,2022
Орлов,Кирилл,Захарович,Jeep,B495TT,145,577,24,2008
Марков,Валера,Ильясович,Renault,E84BP,58,127,4,2018
Иванов,Иван,Романович,Renault,O35CO,128,630,12,2011
Иванов,Мурат,Егорович,Jaguar,B197OP,162,567,2,2004
Григорьев,Стефан,Давидович,Москвич,K261EX,96,908,12,2009
Михеев,Тихон,Ярославович,Zeekr,T892BY,187,361,12,2004
Попов,Евгений,Владиславович,Jeep,X377AT,36,390,23,2015
Александров,Архип,Александрович,Mitsubishi,A42XP,179,34,25,2012
Ширяев,Игнат,Владиславович,Lada,P738PM,130,751,4,2011
Рогов,Даниил,Максимович,Renault,E98TT,113,737,9,2020
Ефимов,Альберт,Федотович,Volvo,B905KM,22,979,5,2006
Иванов,Ульян,Романович,Jaguar,K433XT,25,508,9,2002
Васильев,Шагдар,Владиславович,Maybach,B460HA,29,379,16,2018
Захаров,Владимир,Евсеевич,Zeekr,H198PM,191,54,18,2009
Лихачёв,Назар,Александрович,Hyundai,B715MY,171,174,14,2012
Марков,Аркадий,Павлович,Zeekr,O678CH,89,865,25,2004
Лыткин,Архип,Анатольевич,Jacer,M156BE,42,739,17,2016
Туров,Макар,Сидорович,Maybach,H447ME,5,336,16,2015
Савин,Терентий,Макарович,Aurus,A94MC,145,138,20,2014
Громов,Глеб,Адамович,BMW,C661MT,197,966,6,2017
Быков,Фадей,Евсеевич,Москвич,Y779TO,59,27,13,2012
Трофимов,Самсон,Васильевич,Peugeot,K791YK,174,280,8,2023
Орлов,Светозар,Адамович,Ferrari,E14AM,139,556,15,2014
Шестаков,Фома,Ильич,Nissan,B457OE,130,858,8,2023
Громов,Осип,Семенович,Jeep,M696OO,37,850,15,2017
Миронов,Эрнест,Олегович,Nissan,H590TA,109,182,20,2004
Васильев,Олег,Ильич,Nissan,A162PO,160,334,28,2021
Крюков,Юлиан,Осипович,Toyota,H395BX,90,473,7,2001
Романов,Владимир,Тимурович,Jeep,H589AE,56,240,21,2000
Владимиров,Анатолий,Филиппович,Zeekr,K358KX,48,933,21,2009
Семёнов,Демид,Павлович,Hyundai,P234XT,171,498,9,2007
Мартынов,Серафим,Анатольевич,Changan,M721BK,182,633,14,2001
Савин,Максим,Антипович,Aurus,P684EX,195,367,20,2019
Трофимов,Трофим,Анатольевич,Aurus,E373XB,2,452,6,2002
Ширяев,Филат,Прокопович,Lada,C628TC,169,54,6,2004
Лихачёв,Архип,Степанович,Mazda,H230EK,12,50,22,2022
Чернов,Глеб,Давидович,Lexus,Y694CO,58,669,26,2019
Громов,Артур,Евгеньевич,Mitsubishi,T976YO,197,890,12,2003
Крылов,Орлов,Евгеньевич,McLaren,H977AT,115,751,11,2012
Марков,Эрик,Валентинович,Jacer,B617BY,35,207,10,2003
Крылов,Орлов,Данилович,Nissan,O58EB,52,719,3,2015
Зайцев,Арон,Владиславович,Mitsubishi,P533EB,125,490,7,2015
Туров,Анатолий,Адамович,Maserati,Y398ME,188,163,23,2002
Колесников,Матвей,Артурович,Peugeot,X517EX,7,644,16,2022
Кудрявцев,Филипп,Дмитриевич,УАЗ,E559MA,2,946,5,2000
Иванов,Вячеслав,Филиппович,Mercedes_Benz,E206XM,92,84,28,2000
Калинин,Егор,Прохорович,Москвич,B875KA,44,810,21,2013
Филиппов,Ярослав,Адрианович,Lamborghini,H682PT,96,677,4,2022
Миронов,Дмитрий,Артурович,Zeekr,B296HX,12,97,3,2011
Туров,Валентин,Диомидович,Hummer,O804MH,7,171,14,2024
Смирнов,Арсений,Бедросович,Haval,T549YC,103,102,2,2023
Морозов,Виталий,Степанович,Porsche,B463KK,147,274,28,2001
Соболев,Ян,Владимирович,Mercedes_Benz,M869AY,107,473,24,2023
Григорьев,Филипп,Петрович,Jaguar,C944CC,75,390,21,2009
Логинов,Марк,Геннадьевич,Audi,M390BO,26,398,7,2007
Колесников,Ильяс,Арсенович,Toyota,K793CX,33,160,3,2020
Пономарёв,Стефан,Иванович,Renault,A898MT,161,668,21,2016
Фёдоров,Август,Елисеевич,Volkswagen,K362EY,60,423,16,2003
Алексеев,Эрик,Давидович,Honda,H842KT,135,897,22,2015
Фёдоров,Орлов,Яковлевич,Hummer,T625TE,151,194,6,2010
Мартынов,Василий,Михайлович,Rolls_Royce,H4EC,27,184,9,2006
Шестаков,Филипп,Дмитриевич,Toyota,O217XT,30,888,7,2000
Васильев,Прохор,Анатольевич,Haval,M399PT,13,503,28,2004
Пономарёв,Мурат,Сидорович,УАЗ,X696KP,136,969,19,2014
Кузнецов,Дорофей,Тимурович,Volkswagen,Y198HP,188,348,17,2008
Ширяев,Игорь,Платонович,McLaren,B551MT,42,340,23,2017
Туров,Семён,Григорьевич,Hyundai,H973YE,110,82,19,2017
Громов,Юлиан,Захарович,Peugeot,Y356KC,182,884,0,2004
Лебедев,Ильяс,Тимофеевич,Volkswagen,E831AH,59,862,2,2024
Кузьмин,Ашот,Макарович,Porsche,T582TA,116,132,12,2010
Михайлов,Ян,Ульянович,Mazda,Y906MM,43,767,17,2001
Алексеев,Ашот,Тимофеевич,Lamborghini,X472XP,81,401,10,2012
Волков,Архип,Емельянович,Jaguar,T984HP,28,216,8,2008
Пономарёв,Ильяс,Антонович,Bentley,Y73CA,102,824,13,2016
Семёнов,Степан,Андреевич,Audi,Y145BM,105,669,12,2001
Михайлов,Аркадий,Максимович,Jeep,B224PB,81,132,0,2015
Миронов,Архип,Данилович,Jacer,A750CO,168,665,26,2012
Сергеев,Вячеслав,Елисеевич,BYD,K804MH,116,455,6,2001
Морозов,Назар,Антонович,Jeep,P320YY,106,753,16,2021
Соболев,Арон,Петрович,Land_Rover,E562CE,117,428,9,2022
Крюков,Данил,Ильич,Jacer,E612EH,182,101,0,2012
Овчинников,Мстислав,Трофимович,Nissan,E776BM,195,744,9,2005
Блинов,Олег,Петрович,BMW,C148KE,149,433,0,2000
Соболев,Христофор,Даниилович,Honda,T214PM,103,593,10,2021
Симонов,Эрнест,Демидович,Nissan,A100OH,49,365,10,2018
Степанов,Давид,Геннадиевич,Jeep,E996AX,188,514,6,2011
Чернов,Стефан,Филиппович,Mazda,B389CP,19,118,8,2010
Григорьев,Глеб,Леонидович,Volkswagen,T209BB,159,490,8,2007
Лихачёв,Виктор,Викторович,Bentley,Y35EA,118,340,28,2002
Соболев,Олег,Артурович,Land_Rover,E342YE,19,615,15,2010
Лыткин,Олег,Феликсович,УАЗ,T430OA,89,905,10,2018
Ширяев,Эрнест,Борисович,Changan,T743KA,5,170,24,2003
Соболев,Виталий,Демидович,Bugatti,K785HM,63,217,22,2014
Савин,Сергей,Филиппович,Changan,Y971OT,36,877,6,2003
Федосеев,Микула,Борисович,Chevrolet,X630HC,95,365,9,2005
Иванов,Мурат,Арсенович,Jeep,M367PA,47,360,22,2004
Лыткин,Олег,Валентинович,Honda,T775OT,29,184,7,2018
Крылов,Юлиан,Максимович,BMW,O333CK,176,107,17,2003
Михеев,Филипп,Осипович,Zeekr,E750EK,120,69,9,2006
Алексеев,Степан,Константинович,McLaren,C865HB,124,584,10,2015
Ситников,Юлиан,Данилович,Zeekr,P351XP,77,837,11,2005
Александров,Илья,Платонович,Peugeot,T284CA,137,123,22,2004
Алексеев,Антон,Дмитриевич,Volkswagen,H238YX,109,545,23,2018
Филиппов,Вячеслав,Александрович,McLaren,O704MX,90,89,27,2007
Кузьмин,Сергей,Демидович,Volvo,H192ME,166,89,7,2017
Федосеев,Степан,Данилович,Nissan,M977OB,18,421,24,2005
Мамонтов,Ильяс,Прохорович,Toyota,T115CC,114,326,13,2012
Калинин,Ярослав,Осипович,Porsche,Y797MK,164,991,9,2004
Ширяев,Кирилл,Евгеньевич,Chevrolet,H322CO,56,458,7,2001
Меркушев,Валерий,Ильич,Bentley,B71HO,121,193,26,2020
Мамонтов,Владислав,Геннадиевич,Toyota,A332ET,114,450,8,2001
Романов,Матвей,Евсеевич,Renault,E594TC,193,665,6,2017
Мартынов,Тимофей,Антонович,Porsche,O804TE,112,669,8,2009
Миронов,Матвей,Геннадиевич,Maybach,A446EH,75,257,27,2005
Михайлов,Марк,Трофимович,Changan,C675BB,89,996,17,2004
Ефимов,Богдан,Семенович,Peugeot,O422PA,59,163,11,2007
Логинов,Семен,Гавриилович,Hummer,E572MA,133,826,1,2001
Симонов,Демид,Филиппович,Zeekr,H37OH,109,495,20,2023
Крылов,Борис,Семёнович,Jeep,H680EB,133,570,9,2024
Новиков,Дмитрий,Андреевич,Mazda,A977TP,156,314,14,2002
Казаков,Филипп,Антипович,Land_Rover,A831YH,165,939,5,2015
Громов,Макар,Емельянович,Hyundai,T855HA,44,658,7,2022
Иванов,Фома,Борисович,Land_Rover,K453OC,168,79,1,2010
Блинов,Ильяс,Владимирович,Mazda,X474HT,25,579,9,2009
Ширяев,Лаврентий,Ильич,Changan,M489YH,147,571,12,2013
Смирнов,Рустам,Трофимович,Maserati,B516AE,47,744,12,2015
Алексеев,Семён,Валентинович,Hummer,K493MP,4,373,21,2005
Мамонтов,Ефрем,Николаевич,Bugatti,P312PE,193,828,6,2015
Савин,Владислав,Сидорович,Land_Rover,X217EM,8,567,18,2004
Владимиров,Прохор,Константинович,Kia,M266HO,37,567,28,2006
Новиков,Даниил,Адрианович,Skoda,E708HH,139,661,1,2017
Овчинников,Егор,Яковлевич,Nissan,O963CC,186,942,14,2007
Чернов,Сергей,Феликсович,Audi,X233AH,109,130,15,2018
Соболев,Вячеслав,Антонович,BMW,M673KH,142,736,24,2003
Иванов,Август,Константинович,Volvo,A162KA,95,715,20,2021
Казаков,Илья,Юрьевич,Hyundai,P89HM,176,206,26,2024
Блинов,Евгений,Бедросович,Maybach,T8CX,54,872,21,2023
Марков,Осип,Макарович,Porsche,E710CH,81,454,7,2002
Новиков,Петр,Иванович,Volvo,Y151KM,152,15,11,2001
Иванов,Захар,Глебович,Rolls_Royce,M801KM,72,484,13,2018
Крылов,Антон,Григорьевич,Porsche,M222OT,48,328,26,2006
Овчинников,Олег,Борисович,BYD,T502XO,13,811,4,2018
Крылов,Игорь,Тимофеевич,Tesla,H22CM,84,417,0,2023
Ситников,Илья,Викторович,Chevrolet,O103XX,17,152,23,2008
Захаров,Аркадий,Осипович,УАЗ,H168MM,14,849,0,2024
Шестаков,Александр,Платонович,Bugatti,X882MH,114,359,14,2019
Крюков,Яромир,Макарович,Ford,E668MA,4,183,0,2016
Блинов,Артур,Елисеевич,BMW,Y559PM,177,457,18,2016
Степанов,Тихон,Яковлевич,Tesla,M350KP,136,56,20,2023
Ширяев,Христофор,Александрович,BYD,O194XB,10,835,14,2008
Смирнов,Никита,Макарович,Mazda,E291CX,152,391,6,2011
Мамонтов,Максим,Семёнович,Toyota,H498HT,74,267,12,2024
Громов,Кондратий,Петрович,Aurus,T324YM,117,366,20,2001
Шестаков,Стефан,Филиппович,Haval,P21TB,97,576,2,2006
Лихачёв,Богдан,Владимирович,Aurus,K358KY,103,381,14,2014
Калинин,Фадей,Леонидович,Volkswagen,O615CK,95,928,14,2014
Симонов,Илья,Петрович,Toyota,Y440YE,58,928,4,2016
Трофимов,Сергей,Нефёдович,Bentley,A116OK,71,120,21,2011
Кузнецов,Павел,Евгеньевич,Honda,O964KO,65,704,9,2001
Кудрявцев,Ильяс,Константинович,Rolls_Royce,B95YB,96,576,5,2001
Ефимов,Арсений,Романович,Honda,X885TM,65,985,27,2014
Быков,Христофор,Васильевич,Peugeot,O447AC,111,50,21,2010
Быков,Валентин,Павлович,Honda,E81KC,114,64,22,2021
Ефимов,Кондратий,Васильевич,Peugeot,E207BT,62,687,26,2004
Мартынов,Олег,Юрьевич,УАЗ,X257BA,181,329,7,2002
Смирнов,Виталий,Осипович,Tesla,C144CO,57,418,17,2013
Пономарёв,Ильяс,Семёнович,Bentley,P115XK,166,661,9,2019
Мамонтов,Архип,Константинович,Skoda,A395YK,38,414,27,2019
Попов,Давид,Давидович,Toyota,A977EX,158,141,15,2006
Крылов,Арон,Валентинович,Honda,Y346OK,120,843,21,2012
Соколов,Игорь,Демидович,УАЗ,O851XK,20,743,8,2015
Пономарёв,Михаил,Викторович,Lamborghini,K604YC,121,735,7,2020
Попов,Олег,Антипович,Rolls_Royce,A237OM,134,514,0,2012
Волков,Егор,Дмитриевич,Aurus,T33TO,118,846,19,2023
Владимиров,Богдан,Степанович,Ford,T459MT,51,588,4,2018
Быков,Август,Исаевич,Changan,M740EY,192,735,27,2023
Громов,Андрей,Исаевич,Москвич,C65OY,145,594,2,2021
Рогов,Алексей,Гавриилович,Hyundai,X965KC,175,255,23,2006
Мартынов,Ярослав,Леонидович,Tesla,T374CO,21,466,18,2010
Антонов,Петр,Диомидович,Lexus,C402KT,62,295,13,2008
Захаров,Матвей,Платонович,Changan,K204EE,146,959,24,2016
Гуляев,Михаил,Арсенович,Hyundai,A383BT,25,85,23,2005
Михеев,Прохор,Степанович,Skoda,P310MP,190,918,22,2023
Пономарёв,Кирилл,Геннадьевич,BYD,E406EX,20,88,26,2006
Антонов,Осип,Антонович,BYD,C741OM,78,879,27,2014
Кудрявцев,Рустам,Тимурович,Mercedes_Benz,A142MH,198,473,2,2020
Захаров,Борис,Андреевич,Jaguar,B113HT,144,408,28,2005
Марков,Фома,Ярославович,Volkswagen,Y597PP,169,270,22,2011
Савин,Фаддей,Петрович,Jeep,H943AK,166,189,6,2007
Пономарёв,Вадим,Исаевич,Jacer,Y732TT,172,562,23,2022
Романов,Стефан,Леонидович,Toyota,M402TH,175,675,5,2020
Сергеев,Павел,Трофимович,Jeep,T281PE,140,664,4,2003
Волков,Олег,Леонидович,Ferrari,B169KH,15,75,6,2020
Орлов,Орлов,Геннадьевич,Lamborghini,P169MA,144,825,4,2007
Кузьмин,Прохор,Прокопович,Honda,B485PT,180,234,26,2008
Рогов,Иван,Тимурович,Land_Rover,C421TA,71,737,18,2008
Федосеев,Яромир,Магомедович,Changan,M268CT,140,561,6,2018
Ефимов,Тимофей,Емельянович,Aurus,K913KK,129,447,7,2011
Ильин,Игнат,Антонович,Volkswagen,P312BA,147,144,0,2009
Михайлов,Григорий,Тимофеевич,Bentley,M595OC,190,756,4,2001
Симонов,Дорофей,Захарович,Changan,A406AP,159,80,20,2013
Васильев,Арон,Егорович,Changan,H341MK,65,454,25,2005
Трофимов,Вячеслав,Яковлевич,Ford,T813KA,107,135,18,2019
Блинов,Вадим,Григорьевич,Porsche,E351KC,10,783,27,2016
Ситников,Ульян,Нефёдович,Maserati,O124KA,148,802,9,2010
Соколов,Иван,Прокопович,Honda,Y543CC,180,396,28,2012
Федосеев,Владислав,Григорьев,Tesla,X608MB,150,105,12,2023
Семёнов,Яромир,Захарович,Jaguar,E559KE,148,347,0,2000
Громов,Константин,Борисович,Peugeot,E593BA,139,651,17,2020
Филиппов,Глеб,Платонович,Bentley,O528CT,72,155,2,2010
Захаров,Антон,Михайлович,Hummer,A990TO,55,301,28,2006
Марков,Рустам,Яковлевич,Changan,C465KP,141,537,23,2016
Семёнов,Богдан,Максимович,Rolls_Royce,B361AY,131,85,6,2016
Филиппов,Олег,Адамович,Aurus,A217YY,66,487,8,2002
Миронов,Арон,Алексеевич,Renault,B674AA,22,66,27,2023
Владимиров,Ашот,Антонович,Maybach,H268MK,97,390,7,2009
Иванов,Олег,Андреевич,BMW,C929BK,57,89,18,2023
Алексеев,Лев,Тимурович,Maserati,O300MC,184,187,4,2003
Соболев,Станислав,Сидорович,Audi,O69TE,92,917,4,2010
Захаров,Тимур,Сидорович,Maserati,X327EB,133,654,10,2015
Рогов,Шагдар,Константинович,Jaguar,A164BP,3,140,6,2012
Волков,Дорофей,Борисович,Land_Rover,M324HO,49,924,0,2003
Кузьмин,Николай,Макарович,BYD,A730EE,128,460,27,2013
Ширяев,Иван,Осипович,Bugatti,O319TM,16,182,0,2002
Марков,Яков,Филиппович,Bentley,E623TP,115,337,7,2017
Туров,Валерий,Леонидович,Lamborghini,A264EP,159,109,25,2017
Лыткин,Семён,Давидович,Maserati,B773CO,54,909,19,2000
Владимиров,Семен,Захарович,Maserati,X846BP,32,38,19,2009
Соболев,Алан,Евсеевич,Kia,B689HB,45,906,13,2001
Колесников,Данил,Федотович,Jacer,Y61YE,55,722,5,2010
Савин,Арнольд,Михайлович,Lada,T251TO,58,445,1,2022
Кузнецов,Фадей,Валентинович,Land_Rover,B724BO,90,313,23,2003
Филиппов,Феликс,Макарович,Lamborghini,P427HA,59,677,9,2021
Меркушев,Артур,Данилович,Jaguar,B500TC,92,821,17,2014
Захаров,Филат,Петрович,Hummer,T325TT,113,798,13,2012
Алексеев,Тимофей,Магомедович,Maybach,C406OE,141,592,9,2012
Миронов,Артур,Евгеньевич,Jeep,M737EC,7,221,25,2000
Михеев,Тимур,Ильич,Volvo,C661BP,3,545,4,2017
Смирнов,Егор,Николаевич,Lamborghini,M403OE,100,568,3,2000
Антонов,Ян,Яковлевич,Nissan,Y319EK,12,780,6,2018
Шестаков,Ярослав,Михайлович,Renault,X211OY,187,698,19,2019
Кудрявцев,Ашот,Романович,Zeekr,X393YO,34,972,8,2023
Фёдоров,Трофим,Иванович,Ferrari,E881MY,87,857,3,2001
Быков,Макар,Ярославович,Haval,M826BY,93,981,18,2001
Семёнов,Егор,Яковлевич,Audi,Y33MO,166,752,10,2002
Марков,Демид,Сидорович,Changan,C33TC,36,369,5,2007
Кузьмин,Август,Ильич,Renault,Y167AC,171,452,3,2022
Ефимов,Семён,Семенович,Lexus,K866KT,143,525,3,2016
Фёдоров,Назар,Осипович,Lada,C627HT,163,703,16,2009
Ситников,Лаврентий,Ильясович,Changan,T642EO,43,630,8,2003
Зайцев,Виктор,Алексеевич,Hyundai,Y459HP,88,126,15,2003
Пономарёв,Олег,Михайлович,Volkswagen,E10YA,192,218,24,2023
Фёдоров,Демид,Федотович,Porsche,K395CC,84,165,1,2012
Романов,Сергей,Петрович,Ferrari,A712CX,100,117,22,2024
Григорьев,Яков,Павлович,Mercedes_Benz,A531CO,43,13,20,2017
Лебедев,Эдуард,Платонович,Kia,A89XK,184,331,3,2020
Калинин,Филат,Евгеньевич,Skoda,X636KX,1,211,6,2011
Антонов,Анатолий,Евсеевич,Porsche,B969TM,75,352,25,2010
Фёдоров,Станислав,Викторович,Aurus,Y332XO,4,165,25,2020
Лыткин,Андрей,Иванович,Jaguar,H58YP,52,50,23,2019
Сергеев,Тимофей,Диомидович,BMW,B99BC,104,852,16,2010
Александров,Илья,Константинович,Jaguar,Y874TE,156,634,7,2015
Волков,Петр,Семёнович,Renault,E266MP,157,16,13,2022
Соболев,Глеб,Платонович,Rolls_Royce,O149KB,118,494,14,2011
Логинов,Даниил,Павлович,Lexus,K759TP,42,840,18,2018
Иванов,Валерий,Ярославович,Skoda,T105XA,184,964,17,2005
Орлов,Илья,Леонидович,УАЗ,B304KB,76,253,23,2008
Кудрявцев,Самсон,Викторович,Toyota,M637KP,79,558,19,2002
Степанов,Демид,Адамович,Ford,E108CH,61,680,12,2020
Мамонтов,Рустам,Даниилович,Volkswagen,C202CC,128,269,6,2023
Колесников,Дмитрий,Геннадьевич,Haval,Y95OB,14,896,11,2010
Меркушев,Геннадий,Адамович,Honda,K246CT,137,428,6,2018
Степанов,Эдуард,Геннадьевич,Mazda,Y836KX,94,372,10,2002
Зайцев,Петр,Нефёдович,McLaren,K2YB,27,88,8,2023
Попов,Светозар,Платонович,Chevrolet,K17XH,131,468,4,2021
Туров,Марк,Евсеевич,Jacer,P23BY,25,874,20,2012
Фёдоров,Ульян,Ярославович,Maybach,E836HH,165,240,0,2006
Ильин,Сергей,Демидович,Hyundai,O292YH,195,523,9,2010
Кудрявцев,Рустам,Ярославович,Nissan,X404KO,32,440,15,2015
Ширяев,Филипп,Осипович,Maybach,T593HC,113,484,5,2017
Громов,Станислав,Глебович,BYD,B551ET,51,397,14,2002
Захаров,Демид,Олегович,Maserati,E330YP,146,677,10,2021
Семёнов,Виталий,Борисович,Haval,Y51XM,148,334,3,2006
Попов,Яромир,Павлович,УАЗ,M329HB,144,21,3,2012
Чернов,Арнольд,Владимирович,Lamborghini,A441KP,118,803,3,2003
Лебедев,Фадей,Ярославович,УАЗ,H45PO,84,309,14,2020
Быков,Назар,Владиславович,Rolls_Royce,P150MC,65,785,0,2001
Орлов,Виталий,Степанович,Ferrari,C220ME,169,483,9,2013
Волков,Назар,Васильевич,Maserati,C708YC,186,239,6,2006
Кузнецов,Евгений,Викторович,Changan,K200EO,74,429,28,2020
Колесников,Герман,Ульянович,Porsche,H395PK,190,623,7,2008
Марков,Игнат,Исаевич,Audi,C465XK,123,240,9,2007
Шестаков,Захар,Емельянович,УАЗ,A703BX,143,756,12,2007
Александров,Вячеслав,Тимофеевич,McLaren,O732HY,143,317,6,2012
Соколов,Филипп,Игнатович,Mitsubishi,E315KH,168,277,12,2008
Шестаков,Кондратий,Тимофеевич,BMW,P414BB,84,789,12,2004
Савин,Андрей,Викторович,Toyota,K56OP,28,771,13,2018
Овчинников,Демид,Исаевич,Lexus,O213AM,11,414,16,2009
Попов,Кондратий,Прохорович,Aurus,O292YY,33,767,23,2019
Лебедев,Руслан,Анатольевич,Ferrari,T400AP,47,755,5,2022
Симонов,Богдан,Сидорович,Lexus,C773KY,28,843,12,2008
Филиппов,Матвей,Макарович,Mazda,X416BC,24,517,4,2011
Быков,Фёдор,Диомидович,Lexus,P266BT,51,571,5,2013
